titulo,categoria,resumen,puntos_clave,enlace,fecha_procesado
titulo,categoria,resumen,puntos_clave,enlace,fecha_procesado
ğŸ¤– PolÃ­tica de Mesa Redonda: Mejorando el Razonamiento CientÃ­fico mediante Consenso Ponderado de LLMs,ğŸ“‚ Inteligencia Artificial,"ğŸ“ Se presenta Roundtable Policy, un framework de razonamiento que utiliza consenso ponderado de mÃºltiples modelos de lenguaje para mejorar tareas cientÃ­ficas complejas. Mejora la creatividad, rigor y coherencia lÃ³gica mientras reduce alucinaciones. El enfoque es interpretable y aplicable a sistemas multi-LLM.","ğŸ¯ Consenso ponderado de mÃºltiples LLMs, mejora razonamiento cientÃ­fico complejo, reduce alucinaciones, framework interpretable",ğŸ”— https://arxiv.org/pdf/2509.16839,2025-09-23
ğŸ§  Principios de la MÃ¡quina Consciente Similar a Humana,ğŸ“‚ Inteligencia Artificial,ğŸ“ Propone un criterio suficientemente independiente del sustrato para la conciencia fenomÃ©nica en mÃ¡quinas. Desarrolla principios operativos para diseÃ±ar sistemas conscientes y argumenta que mÃ¡quinas que satisfagan este criterio deberÃ­an considerarse tan conscientes como los humanos.,"ğŸ¯ Criterio para conciencia artificial, framework formal consciente, implicaciones filosÃ³ficas, paradigma mÃ¡s allÃ¡ de enfoques estadÃ­sticos",ğŸ”— https://arxiv.org/pdf/2509.16859,2025-09-23
ğŸ’» LLMs como Solvers de OptimizaciÃ³n Combinatoria End-to-end,ğŸ“‚ Inteligencia Artificial,"ğŸ“ Introduce un framework donde LLMs resuelven problemas de optimizaciÃ³n combinatoria directamente desde descripciones en lenguaje natural. Combina fine-tuning supervisado con refuerzo learning consciente de factibilidad y optimalidad, superando a mÃ©todos tradicionales.","ğŸ¯ Solvers end-to-end para optimizaciÃ³n combinatoria, entrenamiento en dos etapas (SFT+FOARL), alta tasa de factibilidad, pipeline unificado basado en lenguaje",ğŸ”— https://arxiv.org/pdf/2509.16865,2025-09-23
ğŸ”¬ seqBench: Benchmark Tunable para Cuantificar LÃ­mites de Razonamiento Secuencial en LLMs,ğŸ“‚ Inteligencia Artificial,"ğŸ“ seqBench es un benchmark parametrizado que controla dimensiones de complejidad como profundidad lÃ³gica, pasos de backtracking y ratio de ruido. Revela colapso exponencial en precisiÃ³n mÃ¡s allÃ¡ de cierta profundidad en modelos actuales.","ğŸ¯ Benchmark parametrizado, control multidimensional de complejidad, leyes de escalado universales, anÃ¡lisis de lÃ­mites de razonamiento",ğŸ”— https://arxiv.org/pdf/2509.16866,2025-09-23
ğŸ“ LLMs como DiseÃ±adores de Layout: Perspectiva de Razonamiento Espacial,ğŸ“‚ Inteligencia Artificial,"ğŸ“ LaySPA es un framework de reinforcement learning que dota a LLMs de capacidades explÃ­citas de razonamiento espacial para diseÃ±o de layouts. Utiliza seÃ±ales de recompensa hÃ­bridas para validez geomÃ©trica y calidad visual, superando a LLMs generales.","ğŸ¯ Razonamiento espacial para diseÃ±o de layouts, reinforcement learning con recompensas hÃ­bridas, optimizaciÃ³n de arreglos espaciales, resultados comparables a modelos especializados",ğŸ”— https://arxiv.org/pdf/2509.16891,2025-09-23
ğŸ§ FusiÃ³n DinÃ¡mica de Modalidades Guiada por Audio para NavegaciÃ³n Audio-Visual,ğŸ“‚ Inteligencia Artificial,"ğŸ“ Propone un framework de navegaciÃ³n audio-visual con mÃ³dulo de atenciÃ³n estereo-aware y fusiÃ³n dinÃ¡mica guiada por audio. Mejora significativamente tasas de Ã©xito y eficiencia en entornos 3D realistas, con +40% de mejora en condiciones solo-audio.","ğŸ¯ NavegaciÃ³n audio-visual, atenciÃ³n estereo-aware, fusiÃ³n dinÃ¡mica de modalidades, mejora del 40% en condiciones solo-audio",ğŸ”— https://arxiv.org/pdf/2509.16924,2025-09-23
âš›ï¸ AbducciÃ³n CuÃ¡ntica: Nuevo Paradigma para Razonamiento bajo Incertidumbre,ğŸ“‚ Inteligencia Artificial,"ğŸ“ Introduce la abducciÃ³n cuÃ¡ntica, paradigma no-clÃ¡sico que modela hipÃ³tesis en superposiciÃ³n permitiendo interferencia constructiva/destructiva. MÃ¡s fiel al razonamiento humano que enfoques eliminativos tradicionales, aplicable desde misterios histÃ³ricos hasta diagnÃ³stico mÃ©dico.","ğŸ¯ AbducciÃ³n no-clÃ¡sica, hipÃ³tesis en superposiciÃ³n, razonamiento constructivo, aplicaciones multidisciplinares",ğŸ”— https://arxiv.org/pdf/2509.16958,2025-09-23
ğŸ“Š KAHAN: AnÃ¡lisis JerÃ¡rquico Aumentado por Conocimiento para NarraciÃ³n de Datos Financieros,ğŸ“‚ Inteligencia Artificial,"ğŸ“ Framework jerÃ¡rquico que extrae insights de datos tabulares usando LLMs como expertos de dominio. Supera enfoques existentes en +20% en calidad narrativa, mantiene 98.2% de factualidad y se transfiere efectivamente a dominios como healthcare.","ğŸ¯ AnÃ¡lisis jerÃ¡rquico de datos financieros, LLMs como expertos de dominio, alta factualidad, transferibilidad a otros dominios",ğŸ”— https://arxiv.org/pdf/2509.17037,2025-09-23
ğŸ—ºï¸ De Aprendizaje de Grafos de Puntos de Referencia a GeneraciÃ³n de Grafos de Problemas,ğŸ“‚ Inteligencia Artificial,"ğŸ“ Aprende relaciones entre landmarks de mÃºltiples tareas de planificaciÃ³n para crear grafos probabilÃ­sticos de ordenamiento. Estos se instancian para nuevas tareas combinando informaciÃ³n del estado inicial y meta, mejorando la planificaciÃ³n automÃ¡tica.","ğŸ¯ Landmarks de planificaciÃ³n, grafos probabilÃ­sticos de ordenamiento, instanciaciÃ³n para tareas especÃ­ficas, mejora de algoritmos de planificaciÃ³n",ğŸ”— https://arxiv.org/pdf/2509.17062,2025-09-23
ğŸ“ RALLM-POI: LLM Aumentado por Retrieval para RecomendaciÃ³n Zero-shot de Siguiente POI,ğŸ“‚ Inteligencia Artificial,"ğŸ“ Framework que combina LLMs con generaciÃ³n aumentada por retrieval y auto-rectificaciÃ³n para recomendaciÃ³n de puntos de interÃ©s. Incluye recuperaciÃ³n de trayectorias histÃ³ricas y reranking geogrÃ¡fico, logrando ganancias sustanciales de accuracy sin entrenamiento adicional.","ğŸ¯ RecomendaciÃ³n zero-shot de POIs, retrieval aumentado, reranking geogrÃ¡fico, auto-rectificaciÃ³n con LLMs agenticos",ğŸ”— https://arxiv.org/pdf/2509.17066,2025-09-23
titulo,categoria,resumen,puntos_clave,enlace,fecha_procesado
ğŸ¤– Modelo de DifusiÃ³n JerÃ¡rquico Consciente de la IntenciÃ³n para DetecciÃ³n de AnomalÃ­as en Trayectorias a Largo Plazo,ğŸ“‚ Inteligencia Artificial,"ğŸ“ Propone IHiD, mÃ©todo no supervisado que detecta anomalÃ­as evaluando intenciones de alto nivel y analizando sub-trayectorias de bajo nivel. Combina Inverse Q Learning con modelos de difusiÃ³n para capturar la diversidad de trayectorias normales. Logra 30.2% de mejora en F1-score sobre mÃ©todos estado del arte.","ğŸ¯ DetecciÃ³n de anomalÃ­as en trayectorias, Modelo jerÃ¡rquico con evaluaciÃ³n de intenciones, CombinaciÃ³n de Inverse Q Learning y modelos de difusiÃ³n",ğŸ”— https://arxiv.org/pdf/2509.17068,2025-09-23
ğŸ¤– Gobernanza de la Inteligencia EstratÃ©gica Automatizada,ğŸ“‚ Inteligencia Artificial,"ğŸ“ Analiza cÃ³mo los modelos de IA frontera automatizarÃ¡n el anÃ¡lisis de inteligencia militar estratÃ©gica. Los modelos multimodales pueden fusionar imÃ¡genes satelitales, redes sociales y documentos en sistemas consultables. Propone taxonomÃ­a y recomendaciones para competitividad estratÃ©gica.","ğŸ¯ Inteligencia militar automatizada, FusiÃ³n de datos multimodales, Competitividad geopolÃ­tica con IA",ğŸ”— https://arxiv.org/pdf/2509.17087,2025-09-23
ğŸ¤– MCTS-EP: Empoderamiento de la PlanificaciÃ³n Corporizada con OptimizaciÃ³n de Preferencias en LÃ­nea,ğŸ“‚ Inteligencia Artificial,"ğŸ“ Framework que combina LLMs con BÃºsqueda de Monte Carlo en Ãrbol (MCTS) para entrenar agentes corporizados. Integra exploraciÃ³n guiada por MCTS, razonamiento multimodal y optimizaciÃ³n de preferencias. Logra 92% de Ã©xito en ALFWorld y reduce pasos de interacciÃ³n.","ğŸ¯ Agentes corporizados, CombinaciÃ³n LLM + MCTS, OptimizaciÃ³n de preferencias en lÃ­nea",ğŸ”— https://arxiv.org/pdf/2509.17116,2025-09-23
ğŸ¤– ARE: Escalando Entornos y Evaluaciones de Agentes,ğŸ“‚ Inteligencia Artificial,"ğŸ“ Plataforma para creaciÃ³n escalable de entornos e integraciÃ³n de aplicaciones para orquestaciÃ³n de agentes. Introduce Gaia2, benchmark que mide capacidades generales de agentes con ambigÃ¼edades, entornos dinÃ¡micos y colaboraciÃ³n. EjecuciÃ³n asÃ­ncrona revela nuevos modos de fallo.","ğŸ¯ Plataforma de evaluaciÃ³n de agentes, Benchmark Gaia2, Entornos asÃ­ncronos y dinÃ¡micos",ğŸ”— https://arxiv.org/pdf/2509.17158,2025-09-23
ğŸ¤– Â¿Jugamos un Juego? Modelos de Lenguaje para Wargames de Extremo Abierto,ğŸ“‚ Inteligencia Artificial,"ğŸ“ RevisiÃ³n literaria de 100 trabajos sobre IA en wargames, construyendo ontologÃ­a basada en creatividad para jugadores y Ã¡rbitros. Analiza uso de LMs en juegos desde Chess hasta D&D, con consideraciones de seguridad y mejores prÃ¡cticas para despliegue.","ğŸ¯ Wargames con IA, Juegos de rol y estratÃ©gicos, Consideraciones de seguridad",ğŸ”— https://arxiv.org/pdf/2509.17192,2025-09-23
ğŸ¤– Los MoEs son mÃ¡s Fuertes de lo que Piensas: Escalado de Inferencia Hiper-paralelo con RoE,ğŸ“‚ Inteligencia Artificial,"ğŸ“ Introduce escalado hiper-paralelo, framework que mejora calidad de predicciÃ³n a nivel de token en modelos MoE. RoE convierte un MoE en ensemble dinÃ¡mico mediante estocasticidad controlada en el enrutamiento de expertos. Reduce 30% de cÃ³mputo manteniendo rendimiento.","ğŸ¯ Mixture of Experts, Inferencia eficiente, Escalado hiper-paralelo",ğŸ”— https://arxiv.org/pdf/2509.17238,2025-09-23
ğŸ¤– Â¿Pueden los Agentes Evaluar Revisiones SistemÃ¡ticas como Humanos? EvaluaciÃ³n de SLRs con Sistema Multi-Agente basado en LLM,ğŸ“‚ Inteligencia Artificial,"ğŸ“ Sistema multi-agente basado en LLMs para evaluar Revisiones SistemÃ¡ticas de Literatura (SLRs). Automatiza validaciÃ³n de protocolos, evaluaciÃ³n metodolÃ³gica y verificaciÃ³n de relevancia temÃ¡tica. Logra 84% de concordancia con evaluaciones expertas segÃºn guÃ­as PRISMA.","ğŸ¯ Revisiones sistemÃ¡ticas, Sistema multi-agente, AutomatizaciÃ³n de evaluaciÃ³n acadÃ©mica",ğŸ”— https://arxiv.org/pdf/2509.17240,2025-09-23
ğŸ”’ Mind the Gap: ComparaciÃ³n de Red Teaming a Nivel de Modelo vs. Agente con Observabilidad de Grafos de AcciÃ³n en GPT-OSS-20B,ğŸ“‚ Inteligencia Artificial,ğŸ“ Investiga diferencias entre vulnerabilidades a nivel de modelo y en sistemas agenticos. Usa framework AgentSeer para desconstruir sistemas y encuentra vulnerabilidades exclusivas de contextos agenticos. Los ataques en contextos con herramientas son 24% mÃ¡s efectivos.,"ğŸ¯ Seguridad de IA agentica, Red teaming comparativo, Vulnerabilidades especÃ­ficas de agentes",ğŸ”— https://arxiv.org/pdf/2509.17259,2025-09-23
ğŸ§¬ CogAtom: De Ãtomos Cognitivos al Razonamiento MatemÃ¡tico de Nivel OlÃ­mpico en LLMs,ğŸ“‚ Inteligencia Artificial,ğŸ“ Framework basado en Ã¡tomos cognitivos para sintetizar problemas matemÃ¡ticos rigurosos y diversos. Modela la construcciÃ³n de problemas como recombinaciÃ³n de unidades fundamentales de razonamiento. Genera problemas que igualan la dificultad de AIME con mayor variaciÃ³n estructural.,"ğŸ¯ Razonamiento matemÃ¡tico, SÃ­ntesis de problemas, Ãtomos cognitivos",ğŸ”— https://arxiv.org/pdf/2509.17318,2025-09-23
ğŸ’» LLaVul: LLM Multimodal para Razonamiento Interpretable sobre Vulnerabilidades en CÃ³digo Fuente,ğŸ“‚ Inteligencia Artificial,ğŸ“ Modelo multimodal especializado en razonamiento sobre vulnerabilidades de cÃ³digo mediante preguntas y respuestas. Integra cÃ³digo y consultas naturales en espacio unificado. Supera a LLMs generales y especializados en cÃ³digo en tareas de QA y detecciÃ³n de vulnerabilidades.,"ğŸ¯ Seguridad de cÃ³digo, LLM multimodal, Razonamiento interpretable",ğŸ”— https://arxiv.org/pdf/2509.17337,2025-09-23
titulo,categoria,resumen,puntos_clave,enlace,fecha_procesado
ğŸ¤– Consenso de IA MÃ©dica: Un Marco Multi-Agente para GeneraciÃ³n y EvaluaciÃ³n de Informes RadiolÃ³gicos,ğŸ“‚ Inteligencia Artificial,"Se propone un framework de aprendizaje por refuerzo multi-agente que sirve como benchmark para evaluaciÃ³n de razonamiento clÃ­nico multimodal en radiologÃ­a. Integra modelos de lenguaje y visiÃ³n en una arquitectura modular con 10 agentes especializados. Demuestra implementaciÃ³n con ChatGPT-4o en datasets pÃºblicos, estableciendo un camino hacia generaciÃ³n confiable de informes radiolÃ³gicos.","Arquitectura multi-agente, evaluaciÃ³n granular, integraciÃ³n LLM-LVM, benchmark clÃ­nico",ğŸ”— https://arxiv.org/pdf/2509.17353,2025-09-23
ğŸš— PredicciÃ³n de IntenciÃ³n de Cambio de Carril en Autopistas: Marco de IA Informado por FÃ­sica,ğŸ“‚ Inteligencia Artificial,"Framework que integra cinemÃ¡tica vehicular, mÃ©tricas de seguridad e interacciÃ³n para predecir cambios de carril (izquierda, derecha, ninguno) en autopistas. LightGBM logra hasta 99.8% de precisiÃ³n, superando modelos LSTM. Evaluado en escenarios rectos y complejos con rampas.","ClasificaciÃ³n triple, fÃ­sica integrada, alto rendimiento, generalizaciÃ³n robusta",ğŸ”— https://arxiv.org/pdf/2509.17354,2025-09-23
ğŸ” CorrelaciÃ³n o Causalidad: AnÃ¡lisis de Estructuras Causales en Procesos de Razonamiento de LLM y LRM,ğŸ“‚ Inteligencia Artificial,"Estudio sistemÃ¡tico de capacidades causales en modelos de lenguaje y razonamiento. Revela que LRMs entrenados con RLVR mejoran razonamiento causal, reduciendo correlaciones espurias. LLMs y LRMs distilados muestran deficiencias en fundamentos causales.","AnÃ¡lisis causal, RLVR, reducciÃ³n de sesgos, modelos de razonamiento",ğŸ”— https://arxiv.org/pdf/2509.17380,2025-09-23
ğŸ’» SÃ­ntesis de Programas mediante TransducciÃ³n en Tiempo de Prueba,ğŸ“‚ Inteligencia Artificial,Nueva formulaciÃ³n de sÃ­ntesis de programas que utiliza entradas de prueba durante la sÃ­ntesis para mejorar robustez. Framework de aprendizaje activo que elimina hipÃ³tesis inconsistentes mediante consultas LLM. EvalÃºa en transformaciÃ³n de strings y generaciÃ³n de cÃ³digo Python.,"SÃ­ntesis transductiva, aprendizaje activo, mejora de robustez, eficiencia en consultas",ğŸ”— https://arxiv.org/pdf/2509.17393,2025-09-23
ğŸ  EvaluaciÃ³n de Modelos Multimodales con Tareas Compuestas en Entornos DomÃ©sticos,ğŸ“‚ Inteligencia Artificial,"EvaluaciÃ³n de 17 MLLMs lÃ­deres en tareas compuestas inspiradas en desarrollo infantil temprano. Los resultados muestran pobre desempeÃ±o en comprensiÃ³n de objetos, inteligencia espacial y actividades sociales, indicando brecha significativa hacia inteligencia general.","Tareas compuestas, evaluaciÃ³n AGI, brecha de capacidades, entorno simulado",ğŸ”— https://arxiv.org/pdf/2509.17425,2025-09-23
ğŸ§¬ SPICED: Marco Inspirado en Homeostasis SinÃ¡ptica para DecodificaciÃ³n Continua de EEG,ğŸ“‚ Inteligencia Artificial,"Framework neuromÃ³rfico que emula homeostasis sinÃ¡ptica cerebral para adaptaciÃ³n continua no supervisada a EEG de nuevos individuos. Integra reactivaciÃ³n de memoria, consolidaciÃ³n sinÃ¡ptica y renormalizaciÃ³n. Mitiga olvido catastrÃ³fico en aprendizaje continuo.","Homeostasis sinÃ¡ptica, EEG continuo, aprendizaje no supervisado, mitigaciÃ³n de olvido",ğŸ”— https://arxiv.org/pdf/2509.17439,2025-09-23
ğŸŒ AI Pangaea: Unificando Islas de Inteligencia para AdaptaciÃ³n a MÃºltiples Tareas,ğŸ“‚ Inteligencia Artificial,"Primer supercontinente de IA que unifica datos en formato universal y acumula conocimiento mediante pre-entrenamiento en 296 datasets. Demuestra generalizaciÃ³n notable en 60 tareas generales y cientÃ­ficas, revelando efecto de escalado multimodal.","UnificaciÃ³n multimodal, conocimiento universal, escalado multimodal, AGI",ğŸ”— https://arxiv.org/pdf/2509.17460,2025-09-23
ğŸŒ¾ Asistente Conversacional Multimodal para CaracterizaciÃ³n de Parcelas AgrÃ­colas con Datos Geoespaciales,ğŸ“‚ Inteligencia Artificial,"Asistente de cÃ³digo abierto que combina recuperaciÃ³n multimodal y LLMs para interacciÃ³n natural con datos agrÃ­colas y geoespaciales. Arquitectura integra ortofotos, Ã­ndices de vegetaciÃ³n y documentos mediante RAG. EvaluaciÃ³n con metodologÃ­a LLM-as-a-judge.","Asistente agrÃ­cola, RAG multimodal, datos geoespaciales, evaluaciÃ³n automatizada",ğŸ”— https://arxiv.org/pdf/2509.17544,2025-09-23
ğŸ”’ Â¿Es Ciertamente un Deepfake? AnÃ¡lisis de Confiabilidad en el Ecosistema de DetecciÃ³n y GeneraciÃ³n,ğŸ“‚ Inteligencia Artificial,"Primer anÃ¡lisis integral de incertidumbre en detectores de deepfakes, investigando cÃ³mo los artefactos generativos influyen en la confianza predictiva. Utiliza Redes Neuronales Bayesianas y Monte Carlo dropout para cuantificar incertidumbres. Introduce mapas de incertidumbre a nivel de pÃ­xel.","AnÃ¡lisis de incertidumbre, detecciÃ³n de deepfakes, confiabilidad, mapas de confianza",ğŸ”— https://arxiv.org/pdf/2509.17550,2025-09-23
ğŸ’¾ MontePrep: PreparaciÃ³n AutomÃ¡tica de Datos Impulsada por Monte Carlo sin Instancias de Datos Objetivo,ğŸ“‚ Inteligencia Artificial,"Framework ADP que permite sÃ­ntesis de pipelines sin entrenamiento y sin acceso a datos objetivo. Utiliza LLMs y BÃºsqueda en Ãrbol de Monte Carlo con tres componentes: sandbox de acciones, generador de pipelines y optimizador de ejecuciÃ³n. Supera significativamente a cinco competidores.","PreparaciÃ³n automÃ¡tica, cero instancias objetivo, MCTS, pipelines ejecutables",ğŸ”— https://arxiv.org/pdf/2509.17553,2025-09-23
titulo,categoria,resumen,puntos_clave,enlace,fecha_procesado
ğŸ¤– LIMI: Menos es MÃ¡s para la Agencia,ğŸ“‚ Inteligencia Artificial,"ğŸ“ Este trabajo desafÃ­a el paradigma de que mÃ¡s datos producen mejor agencia en IA, demostrando que la inteligencia agentica puede emerger de muestras mÃ­nimas pero estratÃ©gicamente curadas. LIMI logra un 73.5% en benchmarks de agencia usando solo 78 muestras de entrenamiento, superando significativamente a modelos state-of-the-art.","ğŸ¯ Principio de Eficiencia de Agencia, 128 veces menos muestras que modelos convencionales, 53.7% de mejora sobre modelos con 10,000 muestras",ğŸ”— https://arxiv.org/pdf/2509.17567,2025-09-23
ğŸ’» Table2LaTeX-RL: GeneraciÃ³n de CÃ³digo LaTeX de Alta Fidelidad desde ImÃ¡genes de Tablas,ğŸ“‚ Inteligencia Artificial,ğŸ“ Propone un framework multimodal con aprendizaje por refuerzo para convertir imÃ¡genes de tablas complejas en cÃ³digo LaTeX. Introduce recompensas duales (estructura y fidelidad visual) y supera mÃ©todos existentes en tablas con estructuras anidadas y contenido irregular.,"ğŸ¯ Modelo multimodal con refuerzo, recompensas duales de estructura y visual, mejor rendimiento en tablas complejas",ğŸ”— https://arxiv.org/pdf/2509.17589,2025-09-23
ğŸ”§ EngiBench: Benchmark para Evaluar Modelos de Lenguaje en ResoluciÃ³n de Problemas de IngenierÃ­a,ğŸ“‚ Inteligencia Artificial,"ğŸ“ Introduce un benchmark jerÃ¡rquico que evalÃºa LLMs en problemas de ingenierÃ­a reales, considerando incertidumbre y contexto. Revela que los modelos actuales carecen del razonamiento de alto nivel necesario para ingenierÃ­a del mundo real.","ğŸ¯ Tres niveles de dificultad, evaluaciÃ³n de robustez y conocimiento especÃ­fico, brecha significativa con expertos humanos",ğŸ”— https://arxiv.org/pdf/2509.17677,2025-09-23
âš™ï¸ Consistencia de Arco Virtual para Restricciones Lineales en Redes de Funciones de Costo,ğŸ“‚ Inteligencia Artificial,ğŸ“ Adapta algoritmos de consistencia de arco suave para manejar restricciones lineales en problemas de optimizaciÃ³n discreta. Mejora significativamente los lÃ­mites inferiores y reduce el tiempo de resoluciÃ³n en varios benchmarks.,"ğŸ¯ Algoritmo SAC para restricciones lineales, mejores lÃ­mites inferiores, reducciÃ³n de tiempo de resoluciÃ³n",ğŸ”— https://arxiv.org/pdf/2509.17706,2025-09-23
ğŸ’¬ DA-Mamba: Modelo de Espacio de Estados Selectivo para EstimaciÃ³n de Compromiso Multimodal,ğŸ“‚ Inteligencia Artificial,ğŸ“ Arquitectura multimodal que reemplaza codificadores de diÃ¡logo basados en atenciÃ³n con procesamiento Mamba para estimar compromiso humano. Logra complejidad lineal en tiempo y memoria manteniendo razonamiento cross-modal expresivo.,"ğŸ¯ Procesamiento Mamba, complejidad lineal, mejor rendimiento en benchmarks de compromiso conversacional",ğŸ”— https://arxiv.org/pdf/2509.17711,2025-09-23
ğŸŒ³ Equivalencia Predictiva Eficiente y Correcta para Ãrboles de DecisiÃ³n,ğŸ“‚ Inteligencia Artificial,ğŸ“ Demuestra limitaciones del mÃ©todo Quine-McCluskey para equivalencia predictiva en Ã¡rboles de decisiÃ³n. Propone algoritmos polinomiales que son mÃ¡s eficientes y correctos que aproximaciones anteriores.,"ğŸ¯ Algoritmos polinomiales, correcciÃ³n de mÃ©todos anteriores, Ã³rdenes de magnitud mÃ¡s rÃ¡pidos",ğŸ”— https://arxiv.org/pdf/2509.17774,2025-09-23
ğŸ¯ MitigaciÃ³n del Sesgo en SelecciÃ³n de Estrategias para Escalado en Tiempo de Prueba,ğŸ“‚ Inteligencia Artificial,"ğŸ“ Identifica sesgo en selecciÃ³n de estrategias de razonamiento durante escalado en tiempo de prueba. Introduce TTS-Uniform para asignar presupuesto de muestreo uniformemente across estrategias, mejorando efectividad del escalado.","ğŸ¯ MitigaciÃ³n de sesgo de estrategias, asignaciÃ³n uniforme de presupuesto, mejora significativa en mÃºltiples LLMs",ğŸ”— https://arxiv.org/pdf/2509.17905,2025-09-23
ğŸ–¼ï¸ MEF: Marco de EvaluaciÃ³n SistemÃ¡tica para Modelos de Texto a Imagen,ğŸ“‚ Inteligencia Artificial,ğŸ“ Framework sistemÃ¡tico que combina ELO y MOS para evaluar modelos T2I desde perspectiva de escenarios de aplicaciÃ³n. Introduce Magic-Bench-377 con cobertura balanceada de capacidades y escenarios de usuario.,"ğŸ¯ TaxonomÃ­a estructurada, evaluaciÃ³n conjunta ELO-MOS, benchmark abierto con 377 escenarios",ğŸ”— https://arxiv.org/pdf/2509.17907,2025-09-23
ğŸ’» Orcust: Aprendizaje por Refuerzo con RetroalimentaciÃ³n Escalonada para Agentes de GUI,ğŸ“‚ Inteligencia Artificial,ğŸ“ Framework que integra modelado de recompensas restringido por principios y construcciÃ³n de trayectorias en mÃ¡quinas virtuales. Mejora razonamiento y eficiencia de datos en tareas interactivas de interfaz grÃ¡fica.,"ğŸ¯ Mejoras del 22.2-23.9% en benchmarks, recompensas interpretables, recolecciÃ³n autÃ³noma de trayectorias",ğŸ”— https://arxiv.org/pdf/2509.17917,2025-09-23
ğŸ” 'Creo que esto es justo': Complejidades en la Toma de Decisiones sobre Equidad en IA,ğŸ“‚ Inteligencia Artificial,"ğŸ“ Estudio cualitativo con stakeholders sin experiencia en IA revela que sus decisiones de equidad son mÃ¡s complejas que las prÃ¡cticas expertas tradicionales, considerando caracterÃ­sticas mÃ¡s allÃ¡ de las legalmente protegidas y umbrales mÃ¡s estrictos.","ğŸ¯ Decisiones complejas de stakeholders, caracterÃ­sticas mÃ¡s allÃ¡ de protegidas, umbrales de equidad mÃ¡s estrictos",ğŸ”— https://arxiv.org/pdf/2509.17956,2025-09-23
titulo,categoria,resumen,puntos_clave,enlace,fecha_procesado
ğŸ¤– Sobre los Costos Variacionales de Cambiar de OpiniÃ³n,ğŸ“‚ Inteligencia Artificial,"ğŸ“ Propone que los 'sesgos' cognitivos como la confirmaciÃ³n no son errores, sino adaptaciones a los costos pragmÃ¡ticos de revisar creencias. Introduce un marco formal que modela la actualizaciÃ³n de creencias como decisiÃ³n variacional motivada, donde se equilibra la utilidad percibida con el costo informativo.","ğŸ¯ Modelo de actualizaciÃ³n de creencias como decisiÃ³n variacional, Sesgos cognitivos como adaptaciÃ³n racional, Experimentos computacionales emulan confirmaciÃ³n y polarizaciÃ³n",ğŸ”— https://arxiv.org/pdf/2509.17957,2025-09-23
ğŸ¤– Protocolo STAR-XAI: Un Marco Interactivo para Inducir Agencia de Segundo Orden en Agentes de IA,ğŸ“‚ Inteligencia Artificial,"ğŸ“ Presenta un protocolo para entrenar agentes de IA confiables mediante diÃ¡logo socrÃ¡tico estructurado. Incluye un ciclo de juego interactivo y checksums que previenen acumulaciÃ³n de errores, transformando modelos opacos en agentes de 'caja clara' verificables.","ğŸ¯ DiÃ¡logo socrÃ¡tico estructurado para IA explicable, Agencia de segundo orden y auto-correcciÃ³n, VerificaciÃ³n mediante paquete de transferencia de conciencia",ğŸ”— https://arxiv.org/pdf/2509.17978,2025-09-23
ğŸ¤– Mejora de Llamadas a FunciÃ³n e Interpretabilidad en LLMs mediante Plantillas Guiadas Estructuradas,ğŸ“‚ Inteligencia Artificial,"ğŸ“ Introduce plantillas de razonamiento estructurado para guiar a los LLMs en tareas de llamada a funciones. El marco reduce errores en uso de herramientas y mejora robustez e interpretabilidad, con mejoras del 3-12% sobre mÃ©todos baseline.","ğŸ¯ Plantillas estructuradas para llamadas a funciones, Mejora robustez e interpretabilidad, ReducciÃ³n de errores en interacciÃ³n con herramientas",ğŸ”— https://arxiv.org/pdf/2509.18076,2025-09-23
ğŸ¤– Reasoning Core: Entorno Escalable de RL para Razonamiento SimbÃ³lico en LLMs,ğŸ“‚ Inteligencia Artificial,"ğŸ“ Presenta un entorno para reinforcement learning que genera problemas procedurales en dominios formales como planificaciÃ³n PDDL, lÃ³gica de primer orden y razonamiento causal. Ofrece suministro infinito de instancias de entrenamiento con verificaciÃ³n externa.","ğŸ¯ Entorno para razonamiento simbÃ³lico fundamental, GeneraciÃ³n procedural de problemas, VerificaciÃ³n mediante herramientas externas",ğŸ”— https://arxiv.org/pdf/2509.18083,2025-09-23
ğŸ’» Excavando en lo Interno: AnÃ¡lisis Causal de Llamadas a FunciÃ³n en LLMs,ğŸ“‚ IngenierÃ­a de Software,"ğŸ“ Utiliza anÃ¡lisis causal para investigar cÃ³mo las llamadas a funciÃ³n influyen en el comportamiento interno de los LLMs. Descubre que mejora significativamente el cumplimiento de instrucciones y la robustez de seguridad, con mejoras del 135% en detecciÃ³n de entradas maliciosas.","ğŸ¯ AnÃ¡lisis causal de mecanismos internos, Mejora robustez de seguridad, Intervenciones a nivel de capas y tokens",ğŸ”— https://arxiv.org/pdf/2509.16268,2025-09-23
ğŸ’» Pruebas Diferenciales MetamÃ³rficas Co-evolutivas ConstreÃ±idas para Sistemas AutÃ³nomos,ğŸ“‚ IngenierÃ­a de Software,"ğŸ“ Presenta CoCoMagic, mÃ©todo que combina pruebas metamÃ³rficas, diferenciales y bÃºsqueda evolutiva para detectar divergencias conductuales entre versiones de sistemas autÃ³nomos. EvalÃºa escenarios realistas y proporciona diagnÃ³stico interpretable de causas raÃ­z.","ğŸ¯ DetecciÃ³n de divergencias conductuales entre versiones, BÃºsqueda co-evolutiva constreÃ±ida, Enfoque interpretable para diagnÃ³stico",ğŸ”— https://arxiv.org/pdf/2509.16478,2025-09-23
ğŸ’» Fuzzing Causal para Verificar Machine Unlearning,ğŸ“‚ IngenierÃ­a de Software,"ğŸ“ Propone CAFÃ‰, framework basado en causalidad para verificar el 'olvido' en modelos de ML. EvalÃºa efectos directos e indirectos de targets de olvido, detectando influencia residual que mÃ©todos baseline pasan por alto.","ğŸ¯ VerificaciÃ³n de machine unlearning usando causalidad, DetecciÃ³n de influencia directa e indirecta, AnÃ¡lisis de grano fino eficiente",ğŸ”— https://arxiv.org/pdf/2509.16525,2025-09-23
ğŸ’» Â¿Es Suficiente la MediciÃ³n? Repensando la ValidaciÃ³n de Salidas en Pruebas de Programas CuÃ¡nticos,ğŸ“‚ IngenierÃ­a de Software,"ğŸ“ Analiza limitaciones de mÃ©todos de validaciÃ³n basados en mediciÃ³n para programas cuÃ¡nticos. Compara validaciÃ³n por mediciÃ³n con validaciÃ³n por statevector, demostrando que esta Ãºltima es mÃ¡s efectiva para evaluar comportamientos complejos del programa.","ğŸ¯ CrÃ­tica a validaciÃ³n por mediciÃ³n en computaciÃ³n cuÃ¡ntica, ComparaciÃ³n con validaciÃ³n por statevector, EvaluaciÃ³n de comportamientos complejos de programas",ğŸ”— https://arxiv.org/pdf/2509.16595,2025-09-23
ğŸ”’ Incentivos y Resultados en Programas de Recompensas por Errores,ğŸ“‚ IngenierÃ­a de Software,"ğŸ“ Analiza el programa de recompensas por vulnerabilidades de Google, mostrando que aumentos de hasta 200% en recompensas generaron mayor volumen de bugs de alto valor. EvalÃºa elasticidad y fuentes del aumento entre investigadores veteranos y nuevos.","ğŸ¯ AnÃ¡lisis empÃ­rico de programas bug bounty, Elasticidad de recompensas vs calidad de bugs, AtracciÃ³n y redirecciÃ³n de investigadores de seguridad",ğŸ”— https://arxiv.org/pdf/2509.16655,2025-09-23
ğŸ§¬ VerificaciÃ³n de Interfaces de Usuario usando SPARK Ada: Caso de Estudio del Controlador de Jeringas T34,ğŸ“‚ IngenierÃ­a de Software,ğŸ“ Aplica verificaciÃ³n formal con SPARK Ada a un modelo genÃ©rico de bomba de infusiÃ³n basado en el controlador T34. EvalÃºa la integraciÃ³n de factores humanos en dispositivos mÃ©dicos mediante mÃ©todos formales para anticipar errores en etapas tempranas.,"ğŸ¯ VerificaciÃ³n formal de dispositivos mÃ©dicos, Modelo genÃ©rico de bomba de infusiÃ³n, IntegraciÃ³n de factores humanos con SPARK Ada",ğŸ”— https://arxiv.org/pdf/2509.16681,2025-09-23
titulo,categoria,resumen,puntos_clave,enlace,fecha_procesado
titulo,categoria,resumen,puntos_clave,enlace,fecha_procesado
ğŸ”’ BASFuzz: Hacia la EvaluaciÃ³n de Robustez de Software NLP Basado en LLM mediante Pruebas de Fuzzing Automatizado,ğŸ“‚ IngenierÃ­a de Software,"ğŸ“ BASFuzz es un mÃ©todo de fuzzing especializado para evaluar la robustez de software NLP basado en LLM. Utiliza una mÃ©trica de consistencia de texto y un algoritmo de bÃºsqueda Beam-Annealing para guiar las mutaciones. Logra un 90.3% de efectividad reduciendo el tiempo promedio en mÃ¡s de 2,100 segundos comparado con los mejores mÃ©todos actuales.","ğŸ¯ Fuzzing especializado para LLMs, Algoritmo Beam-Annealing Search, EvaluaciÃ³n en escenarios NLG y NLU, ReducciÃ³n significativa de tiempo de prueba",ğŸ”— https://arxiv.org/pdf/2509.17335,2025-09-23
ğŸ’» SLICET5: SegmentaciÃ³n EstÃ¡tica de Programas usando Modelos de Lenguaje con Mecanismo de Copia y DecodificaciÃ³n Restringida,ğŸ“‚ IngenierÃ­a de Software,ğŸ“ Propone un framework novedoso para segmentaciÃ³n estÃ¡tica de programas usando modelos de lenguaje livianos. Incorpora un mecanismo de copia y decodificaciÃ³n restringida para mejorar la precisiÃ³n. Supera a los mÃ©todos state-of-the-art mejorando las puntuaciones ExactMatch hasta en 27%.,"ğŸ¯ SegmentaciÃ³n estÃ¡tica con LLMs, Mecanismo de copia para dependencias, DecodificaciÃ³n lÃ©xica y sintÃ¡ctica restringida, Alto rendimiento en cÃ³digo incompleto",ğŸ”— https://arxiv.org/pdf/2509.17338,2025-09-23
ğŸ¤– Prompts como Artefactos de IngenierÃ­a de Software: Agenda de InvestigaciÃ³n y Hallazgos Preliminares,ğŸ“‚ IngenierÃ­a de Software,"ğŸ“ Investiga el uso de prompts en flujos de trabajo con LLMs, revelando que su manejo es principalmente ad-hoc mediante prueba y error. Propone un programa de investigaciÃ³n para desarrollar enfoques sistemÃ¡ticos de gestiÃ³n de prompts como artefactos de software.","ğŸ¯ Prompts como artefactos de SE, Estudio con 74 profesionales, Uso actual ad-hoc y no estandarizado, Necesidad de gestiÃ³n sistemÃ¡tica",ğŸ”— https://arxiv.org/pdf/2509.17548,2025-09-23
ğŸ’» De OCL a JSX: Modelado Declarativo de Restricciones en Herramientas SaaS Modernas,ğŸ“‚ IngenierÃ­a de Software,ğŸ“ Explora JSX como alternativa a OCL para expresiÃ³n de restricciones en entornos de modelado SaaS. Demuestra que JSX ofrece mayor expresividad y mejor integraciÃ³n con arquitecturas front-end-first en herramientas de bajo cÃ³digo.,"ğŸ¯ JSX vs OCL para restricciones, Mejor integraciÃ³n con front-end, EvaluaciÃ³n empÃ­rica en escenarios de modelado, Adecuado para plataformas low-code",ğŸ”— https://arxiv.org/pdf/2509.17629,2025-09-23
ğŸ”’ DiagnÃ³stico de Violaciones de Especificaciones Basadas en Estado en iCFTL,ğŸ“‚ IngenierÃ­a de Software,ğŸ“ Presenta un enfoque de diagnÃ³stico para violaciones de especificaciones iCFTL usando anÃ¡lisis de flujo de datos hacia atrÃ¡s. La herramienta iCFTL-Diagnostics identifica declaraciones relevantes con 90% de precisiÃ³n y reduce las lÃ­neas a inspeccionar en un 90%.,"ğŸ¯ DiagnÃ³stico de violaciones runtime, AnÃ¡lisis de flujo de datos estÃ¡tico, InstrumentaciÃ³n de programas, Baja sobrecarga de ejecuciÃ³n (<30%)",ğŸ”— https://arxiv.org/pdf/2509.17776,2025-09-23
ğŸ¤– Hacia la IngenierÃ­a de AGI: EvaluaciÃ³n de las Capacidades de DiseÃ±o Ingenieril de los LLMs,"ğŸ“‚ IngenierÃ­a Computacional, Finanzas y Ciencia","ğŸ“ Introduce ENGDESIGN, un benchmark que evalÃºa capacidades de diseÃ±o ingenieril de LLMs en 9 dominios. Utiliza simulaciones ejecutables (SPICE, anÃ¡lisis de elementos finitos) para validar diseÃ±os generados automÃ¡ticamente.","ğŸ¯ Primer benchmark de diseÃ±o ingenieril, 9 dominios de ingenierÃ­a, EvaluaciÃ³n basada en simulaciones, SÃ­ntesis de conocimiento bajo restricciones",ğŸ”— https://arxiv.org/pdf/2509.16204,2025-09-23
ğŸ“Š Aprendizaje por Refuerzo Profundo en InversiÃ³n por Factores,"ğŸ“‚ IngenierÃ­a Computacional, Finanzas y Ciencia","ğŸ“ Presenta CAFPO, un enfoque que comprime retornos accionarios en factores latentes para optimizaciÃ³n de portafolios con DRL. Logra 24.6% de retorno compuesto y ratio Sharpe de 0.94 en datos histÃ³ricos de EE.UU.","ğŸ¯ DRL para construcciÃ³n de portafolios, CompresiÃ³n de espacio de estados, Supera mÃ©todos tradicionales, AnÃ¡lisis SHAP interpretable",ğŸ”— https://arxiv.org/pdf/2509.16206,2025-09-23
ğŸšš Aprendizaje AutomÃ¡tico Predictivo para Aumentar el Rendimiento de Patios de Contenedores,"ğŸ“‚ IngenierÃ­a Computacional, Finanzas y Ciencia",ğŸ“ Propone un Sistema de PlanificaciÃ³n Inteligente (IPS) que aplica optimizaciÃ³n Pareto mediante programaciÃ³n lineal entera mixta. Mejora volÃºmenes de procesamiento y tiempos en terminales de contenedores manteniendo mano de obra humana.,"ğŸ¯ OptimizaciÃ³n de patios de contenedores, MILP para programaciÃ³n, Mejora de throughput, SoluciÃ³n no completamente automatizada",ğŸ”— https://arxiv.org/pdf/2509.16207,2025-09-23
ğŸ—ï¸ SÃ­ntesis de PredicciÃ³n de Vida Ãštil para Puentes en Texas,"ğŸ“‚ IngenierÃ­a Computacional, Finanzas y Ciencia","ğŸ“ Revisa prÃ¡cticas actuales y avances recientes en predicciÃ³n de vida Ãºtil de puentes. Proporciona guÃ­as prÃ¡cticas para evaluar y extender la vida Ãºtil de estructuras existentes y nuevas, optimizando fondos de mantenimiento.","ğŸ¯ GestiÃ³n de infraestructura envejecida, Modelos de deterioro cuantitativos, PriorizaciÃ³n de reparaciones, Uso eficiente de recursos",ğŸ”— https://arxiv.org/pdf/2509.16208,2025-09-23
ğŸ”„ Escalado de Modelos de Gemelos Digitales,"ğŸ“‚ IngenierÃ­a Computacional, Finanzas y Ciencia",ğŸ“ Introduce una metodologÃ­a novedosa que aplica anÃ¡lisis dimensional y machine learning para escalar gemelos digitales entre diferentes tamaÃ±os de productos. Elimina la necesidad de recalibraciÃ³n fÃ­sica para cada variante de tamaÃ±o.,"ğŸ¯ Escalado de gemelos digitales, AnÃ¡lisis dimensional con ML, AplicaciÃ³n en vehÃ­culos de construcciÃ³n, ReducciÃ³n de costos de calibraciÃ³n",ğŸ”— https://arxiv.org/pdf/2509.16209,2025-09-23
titulo,categoria,resumen,puntos_clave,enlace,fecha_procesado
ğŸ”¬ LocalizaciÃ³n de deformaciÃ³n en homogeneizaciÃ³n asintÃ³tica de orden reducido,ğŸ“‚ IngenierÃ­a Computacional,"Se propone una tÃ©cnica multiescala basada en homogeneizaciÃ³n asintÃ³tica de orden reducido para capturar daÃ±o y efectos inelÃ¡sticos en materiales compuestos. Utiliza un procedimiento de homogeneizaciÃ³n a dos escalas donde la representaciÃ³n de eigen-deformaciones explica la respuesta inelÃ¡stica, reduciendo el esfuerzo computacional mediante tÃ©cnicas de reducciÃ³n de orden.","HomogeneizaciÃ³n multiescala, MecÃ¡nica de daÃ±o continuo, ReducciÃ³n de orden computacional, Captura de deformaciones inelÃ¡sticas",ğŸ”— https://arxiv.org/pdf/2509.16210,2025-09-23
ğŸ”¬ MetodologÃ­a EÂ²EÂ²-TFA para anÃ¡lisis de falla en materiales compuestos elastoplÃ¡sticos,ğŸ“‚ IngenierÃ­a Computacional,Describe una metodologÃ­a de homogeneizaciÃ³n novedosa para analizar la falla de materiales compuestos elastoplÃ¡sticos basada en anÃ¡lisis de campo de transformaciÃ³n impulsado por tensores de influencia elÃ¡stica y eigen. Considera campos de eigen-deformaciÃ³n microscÃ³pica para daÃ±o intra-fase y deformaciones inelÃ¡sticas.,"TransformaciÃ³n field analysis, Modelado de orden reducido, SimulaciÃ³n de composites, Respuesta post-daÃ±o realista",ğŸ”— https://arxiv.org/pdf/2509.16211,2025-09-23
âš™ï¸ Marco eficiente para computar sensibilidad de caracterÃ­sticas dinÃ¡micas estructurales multimodales,ğŸ“‚ IngenierÃ­a Computacional,Propone una estrategia novedosa para resolver la sensibilidad de caracterÃ­sticas dinÃ¡micas estructurales relacionadas con autovectores respecto a mÃºltiples variables. Desarrolla un mÃ©todo algebraico para simplificar los cÃ¡lculos de sensibilidad y establece un marco computacional eficiente.,"Sensibilidad de autovectores, CaracterÃ­sticas dinÃ¡micas estructurales, MÃ©todo iterativo preconditioning, ReducciÃ³n de tiempo computacional",ğŸ”— https://arxiv.org/pdf/2509.16214,2025-09-23
ğŸ” DetecciÃ³n de defectos internos en medios estructurados,ğŸ“‚ IngenierÃ­a Computacional,Investiga estrategias robustas para imagear defectos internos usando mediciones mÃ­nimas no invasivas. Modela fenÃ³menos fÃ­sicos con la ecuaciÃ³n de onda unidimensional y emplea transformada de Laplace y optimizaciÃ³n para desarrollar ideas de imageado de defectos.,"DetecciÃ³n de fracturas internas, EcuaciÃ³n de onda 1D, Transformada de Laplace, OptimizaciÃ³n para imageado",ğŸ”— https://arxiv.org/pdf/2509.16216,2025-09-23
ğŸ’» Simulador eficiente de circuitos no lineales transitorios usando integraciÃ³n exponencial,ğŸ“‚ IngenierÃ­a Computacional,Presenta un simulador transitorio de circuitos lineales y no lineales que aborda limitaciones de herramientas EDA actuales. Adopta enfoque de regularizaciÃ³n row-echelon generalizada y emplea productos matriz-exponencial vector para integraciÃ³n.,"SimulaciÃ³n de circuitos transitorios, IntegraciÃ³n exponencial, Preconditioner Block-Jacobi, AceleraciÃ³n GMRES",ğŸ”— https://arxiv.org/pdf/2509.16219,2025-09-23
ğŸ“Š Dataset abierto para modelado de temperatura en mÃ¡quinas herramienta,ğŸ“‚ IngenierÃ­a Computacional,Introduce un dataset estructurado de alta resoluciÃ³n de simulaciones tÃ©rmicas transitorias para el eje vertical de un banco de prueba de mÃ¡quina herramienta. Incluye valores de temperatura y flujo de calor en 29 ubicaciones a lo largo de 1800 pasos de tiempo.,"Dataset tÃ©rmico, SimulaciÃ³n por elementos finitos, Aprendizaje automÃ¡tico, Modelado tÃ©rmico",ğŸ”— https://arxiv.org/pdf/2509.16222,2025-09-23
ğŸ§µ Incremento de contacto inter-fibra en el modelo Altendorf-Jeulin,ğŸ“‚ IngenierÃ­a Computacional,Propone una extensiÃ³n del empaquetamiento iterativo de fibras con sesgo de fuerza de Altendorf & Jeulin para modelar explÃ­citamente el nÃºmero de contactos inter-fibra. AÃ±ade fuerzas adicionales para aumentar los contactos y validar el empaquetamiento.,"Materiales fibrosos, Empaquetamiento force-biased, Contactos inter-fibra, Gemelos digitales",ğŸ”— https://arxiv.org/pdf/2509.16225,2025-09-23
ğŸ“ˆ Aprender a clasificar inversionistas riesgosos: Estudio de caso de traders minoristas,ğŸ“‚ Finanzas Computacionales,"Propone PA-RiskRanker, un clasificador de riesgo consciente de ganancias que reformula la identificaciÃ³n de traders riesgosos como tarea de ranking usando algoritmos Learning-to-Rank. Incluye funciÃ³n de pÃ©rdida PA-BCE y arquitectura transformer-based.","GestiÃ³n de riesgo financiero, Learning-to-Rank, Transformers, IdentificaciÃ³n de traders riesgosos",ğŸ”— https://arxiv.org/pdf/2509.16616,2025-09-23
ğŸ§¬ Transformers multimodales racionales para predicciÃ³n de TCR-pMHC,ğŸ“‚ BioinformÃ¡tica Computacional,"Presenta un enfoque explicable para construir modelos transformer que predicen interacciones TCR-pMHC, fundamentales en inmunidad adaptativa. Utiliza mÃ©todo de explicabilidad post-hoc para optimizar estrategias de cross-attention y objetivos de entrenamiento auxiliares.","InmunologÃ­a computacional, Transformers explicables, PredicciÃ³n TCR-pMHC, Reconocimiento inmunolÃ³gico",ğŸ”— https://arxiv.org/pdf/2509.17305,2025-09-23
ğŸ§  MIND: DecodificaciÃ³n neural invariante multi-sujeto con interpretabilidad,ğŸ“‚ Neurociencia Computacional,"Presenta iiMIND, modelo de decodificaciÃ³n neural que emplea marco dual de decodificaciÃ³n (biomÃ©trica y semÃ¡ntica) para ofrecer interpretabilidad neural. Establece espacio de representaciÃ³n neural compartido mediante autoencoder enmascarado basado en ViT.","DecodificaciÃ³n neural visual, Interpretabilidad cerebral, Autoencoder enmascarado, Procesamiento visual neural",ğŸ”— https://arxiv.org/pdf/2509.17313,2025-09-23
